{
  "jouets": [
    {
      "id": 1,
      "ref": "11",
      "libelle": "Lego",
      "img": "assets/Lego.jpg",
      "prix": 53.4,
      "modele": "petit"
    },
    {
      "id": 2,
      "ref": "t41",
      "libelle": "Téléphone",
      "img": "assets/Tel.jpg",
      "prix": 22.6,
      "modele": "grand"
    },
    {
      "id": 3,
      "ref": "t52",
      "libelle": "Train",
      "img": "assets/Train.jpg",
      "prix": 41.7,
      "modele": "petit"
    },
    {
      "id": 4,
      "ref": "c23",
      "libelle": "Cercles",
      "img": "assets/Cercles.jpg",
      "prix": 12.9,
      "modele": "standard"
    },
    {
      "id": 5,
      "ref": "m02",
      "libelle": "Mario",
      "img": "assets/Mario.jpg",
      "prix": 68.4,
      "modele": "standard"
    },
    {
      "ref": "0",
      "libelle": "libelle",
      "modele": "standard",
      "prix": 0,
      "id": 6
    }
  ]
}